type,name,symbol,id
stocks,3Cnergy,502,-1
stocks,8Telecom^,AZG,-2
stocks,A-Smart,BQC,-3
stocks,A-Sonic Aero^,BTJ,-4
stocks,AA,5GZ,-5
etfs,ABF SG BOND ETF,A35,-6
stocks,ABR,533,-7
stocks,Abterra^,L5I,-8
stocks,Abundance Intl,541,-9
businesstrusts,Accordia Golf Tr,ADQU,-10
stocks,Accrelist Ltd,QZG,-11
stocks,Ace Achieve Info^,A75,-12
stocks,Acesian Partners,5FW,-13
stocks,Acma^,AYV,-14
stocks,Acromec,43F,-15
stocks,Addvalue Tech,A31,-16
stocks,Advanced Systems,5TY,-17
stocks,Advanced^,BLZ,-18
stocks,Advancer Global,43Q,-19
stocks,Adventus,5EF,-20
stocks,AEI^,AWG,-21
stocks,AEM,AWX,-22
stocks,AF Global,L38,-23
stocks,AGV,1A4,-24
reits,AIMS APAC Reit,O5RU,-25
stocks,AIMS Property,BVP,-26
stocks,AliPictures HKD,S91,-27
stocks,Alita Resources,40F,-28
stocks,Alliance HC,MIJ,-29
stocks,Allied Tech,A13,-30
stocks,Alpha Energy,5TS,-31
stocks,Amara,A34,-32
stocks,AMOS,RF7,-33
stocks,Amplefield Ltd,AOF,-34
stocks,AnAn Intl^,Y35,-35
stocks,Anchor Resources,43E,-36
stocks,Anchun Intl^,BTX,-37
stocks,AnnAik,A52,-38
stocks,Annica,5AL,-39
stocks,Aoxin Q & M,1D4,-40
stocks,AP Oil,5AU,-41
stocks,APAC Realty,CLN,-42
businesstrusts,ARA HTrust USD,XZL,-43
stocks,Arion Ent,YYB,-44
stocks,Artivision Tech,5NK,-45
reits,Ascendas Reit,A17U,-46
businesstrusts,Ascendas-iTrust,CY6U,-47
businesstrusts,Ascott Trust,HMN,-48
stocks,Asia Enterprises,A55,-49
stocks,Asia Fashion^,BQI,-50
stocks,Asia Vets,5RE,-51
stocks,AsiaMedic,505,-52
stocks,Asian Healthcare,1J3,-53
stocks,Asian Micro,585,-54
businesstrusts,Asian Pay Tv Tr,S7OU,-55
stocks,AsiaPhos,5WV,-56
stocks,Asiatic,5CR,-57
stocks,Asiatravel.com,5AM,-58
stocks,ASL Marine^,A04,-59
stocks,Aspen,1F3,-60
stocks,Aspial,A30,-61
stocks,Astaka,42S,-62
stocks,ASTI^,575,-63
stocks,Atlantic Nav,5UL,-64
stocks,AusGroup^,5GJ,-65
stocks,Avarga,U09,-66
stocks,Avi-Tech,BKY,-67
stocks,AVIC,O2I,-68
stocks,AVJennings A$,A05,-69
stocks,Axcelasia,42U,-70
stocks,Ayondo,1I5,-71
stocks,Azeus,BBW,-72
stocks,B&M Hldg,CJN,-73
stocks,Baker Technology,BTP,-74
stocks,Ban Leong,B26,-75
stocks,Banyan Tree,B58,-76
stocks,BBR,KJ5,-77
stocks,Beng Kuang^,BEZ,-78
stocks,Berlian LajuTank,B66,-79
stocks,Best World,CGN,-80
stocks,BH Global^,BQN,-81
reits,BHG Retail Reit,BMGU,-82
stocks,Biolidics,8YY,-83
stocks,BlackGoldNatural,41H,-84
stocks,Blumont,A33,-85
stocks,BMM^,I9T,-86
stocks,Boldtek,5VI,-87
stocks,Bonvests,B28,-88
stocks,Boustead,F9D,-89
stocks,Boustead Proj,AVM,-90
stocks,BRC Asia,BEC,-91
stocks,BreadTalk,CTN,-92
stocks,Broadway Ind^,B69,-93
stocks,Brook Crompton,AWC,-94
stocks,Bukit Sembawang,B61,-95
stocks,Bumitama Agri,P8Z,-96
stocks,Bund Center,BTE,-97
reits,Cache Log Trust,K2LU,-98
stocks,Camsing Hc,BAC,-99
reits,CapitaCom Trust,C61U,-100
stocks,Capital World,1D5,-101
stocks,CapitaLand,C31,-102
reits,CapitaMall Trust,C38U,-103
reits,CapitaR China Tr,AU8U,-104
stocks,Captii,AWV,-105
stocks,Casa^,C04,-106
businesstrusts,CDL HTrust,J85,-107
stocks,CDW,BXE,-108
stocks,CEI,AVV,-109
stocks,Centurion,OU8,-110
stocks,CFM,5EB,-111
stocks,CH Offshore,C13,-112
stocks,Challenger,573,-113
stocks,Charisma Energy,5QT,-114
stocks,Chasen^,5NV,-115
stocks,ChasWood Res,5TW,-116
stocks,Chemical Ind,C05,-117
stocks,Cheung Woh,C50,-118
stocks,China Aviation,G92,-119
stocks,China Env,5OU,-120
stocks,China Env Res,RS1,-121
stocks,China Everbright,U9E,-122
stocks,China Fishery,B0Z,-123
stocks,China Great Land^,D50,-124
stocks,China Haida^,C92,-125
stocks,China Hongxing,BR9,-126
stocks,China Intl,BEH,-127
stocks,China Jishan^,J18,-128
stocks,China Mining^,BHD,-129
stocks,China Paper,C71,-130
stocks,China Real Estate,5RA,-131
stocks,China Sky Chem,E90,-132
stocks,China Sports^,FQ8,-133
stocks,China Star Food,42W,-134
stocks,China Taisan^,AZW,-135
stocks,China Yuanbang^,BCD,-136
stocks,ChinaKangdaFood,P74,-137
stocks,ChinaKundaTech,GU5,-138
stocks,ChinaSunsine,QES,-139
stocks,Chinese Global,5CJ,-140
stocks,Chip Eng Seng,C29,-141
stocks,Choo Chiang,42E,-142
stocks,Chuan Hup,C33,-143
stocks,Citicode,5FH,-144
stocks,CityDev,C09,-145
stocks,Civmec,P9D,-146
stocks,Clearbridge,1H3,-147
stocks,CNMC Goldmine,5TP,-148
stocks,Colex,567,-149
stocks,Combine Will,N0Z,-150
stocks,ComfortDelGro,C52,-151
stocks,Cordlife,P8A,-152
stocks,Cortina,C41,-153
stocks,COSCO SHP SG,F83,-154
stocks,CosmoSteel^,B9S,-155
stocks,Courage Inv,CIN,-156
stocks,CPH,539,-157
stocks,Creative,C76,-158
reits,CromwellReit EUR,CNNU,-159
reits,CromwellReit SGD,CSFU,-160
stocks,CSC,C06,-161
stocks,CSE Global,544,-162
stocks,CWX Global,594,-163
stocks,DairyFarm USD,D01,-164
stocks,Darco Water Tech,BLR,-165
businesstrusts,Dasin Retail Tr,CEDU,-166
stocks,Datapulse Tech,BKW,-167
stocks,DBS,D05,-168
stocks,Debao Property^,BTF,-169
stocks,Del Monte Pac,D03,-170
stocks,Delfi,P34,-171
stocks,Design Studio^,D11,-172
stocks,DISA,532,-173
stocks,DLF,KUX,-174
stocks,Don Agro,GRQ,-175
stocks,Dragon^,MT1,-176
stocks,Dukang^,BKV,-177
stocks,Dutech,CZ4,-178
stocks,Duty Free Intl,5SO,-179
stocks,Dyna-Mac,NO4,-180
stocks,Dynamic Colours^,D6U,-181
businesstrusts,Eagle HTrust USD,LIW,-182
reits,EC World Reit,BWCU,-183
stocks,EcoWise,5CT,-184
stocks,Edition,5HG,-185
stocks,Eindec,42Z,-186
stocks,Elec & Eltek USD,E16,-187
reits,EliteComREIT GBP,MXNU,-188
stocks,Ellipsiz,BIX,-189
stocks,EMAS Offshore,UQ4,-190
stocks,Eneco Energy^,R14,-191
stocks,EnGro,S44,-192
stocks,Envictus^,BQD,-193
stocks,Enviro-Hub^,L23,-194
stocks,Epicentre,5MQ,-195
stocks,ES,5RC,-196
reits,ESR-REIT,J91U,-197
stocks,ETC Singapore,1C0,-198
stocks,EuroSports Gbl,5G1,-199
stocks,Excelpoint,BDF,-200
stocks,Ezion,5ME,-201
stocks,Ezra,5DN,-202
stocks,F & N,F99,-203
stocks,Fabchem China^,BFT,-204
stocks,Falcon Energy^,5FL,-205
stocks,Far East,5TJ,-206
businesstrusts,Far East HTrust,Q5T,-207
stocks,Far East Orchard,O10,-208
stocks,Federal Int,BDU,-209
stocks,Figtree,5F4,-210
reits,First Reit,AW9U,-211
stocks,First Resources,EB5,-212
stocks,First Sponsor,ADN,-213
stocks,FJ Benjamin^,F10,-214
stocks,Food Empire,F03,-215
stocks,Forise Intl^,I5H,-216
stocks,FortressMinerals,OAJ,-217
stocks,Fragrance,F31,-218
reits,Frasers Com Tr,ND8U,-219
reits,Frasers Cpt Tr,J69U,-220
businesstrusts,Frasers HTrust,ACV,-221
reits,Frasers L&I Tr,BUOU,-222
reits,Frasers L&I Tr  AUD,BWQU,-223
stocks,Frasers Property,TQ5,-224
stocks,Frencken,E28,-225
businesstrusts,FSL Trust^,D8DU,-226
stocks,Fu Yu,F13,-227
stocks,Fuji Offset,508,-228
stocks,Fujian Zhenyun,5KT,-229
stocks,Full Apex^,BTY,-230
stocks,Fuxing China,AWK,-231
stocks,G Invacom^,QS9,-232
stocks,G K Goh,G41,-233
stocks,Gallant Venture,5IG,-234
stocks,GCCP,41T,-235
stocks,GDS Global,5VP,-236
stocks,Genting Sing,G13,-237
stocks,Geo Energy Res,RE4,-238
stocks,GKE,595,-239
stocks,GL,B16,-240
etfs,GLD US$,O87,-241
stocks,Global Dragon,586,-242
stocks,Global Inv,B73,-243
stocks,Global Palm Res,BLW,-244
stocks,Global Testing,AYN,-245
stocks,Golden Agri-Res,E5H,-246
stocks,Golden Energy,AUE,-247
stocks,Goodland,5PC,-248
stocks,GP Industries,G20,-249
stocks,Grand Banks,G50,-250
stocks,Grand Venture,JLB,-251
stocks,Great Eastern,G07,-252
stocks,Green Build^,Y06,-253
stocks,GRP^,BLU,-254
stocks,GS Hldg,43A,-255
stocks,GSH,BDX,-256
stocks,GSS Energy,41F,-257
stocks,Guoan Intl,G11,-258
stocks,GuocoLand,F17,-259
stocks,GYP Properties^,AWS,-260
stocks,Hafary,5VS,-261
stocks,Hai Leck,BLH,-262
stocks,Halcyon Agri,5VJ,-263
stocks,Hanwell,DM0,-264
stocks,Hatten Land,PH0,-265
stocks,Haw Par,H02,-266
stocks,HC Surgical,1B1,-267
stocks,HealthBank,40B,-268
stocks,Healthway Med,5NG,-269
stocks,Heatec Jietong,5OR,-270
stocks,Heeton,5DP,-271
stocks,Hengyang Petro,5PD,-272
stocks,HG Metal,BTG,-273
stocks,Hi-P,H17,-274
stocks,Hiap Hoe,5JK,-275
stocks,Hiap Seng^,510,-276
stocks,Hiap Tong,5PO,-277
stocks,HL Global Ent,AVX,-278
stocks,Ho Bee Land,H13,-279
stocks,Hock Lian Seng,J2T,-280
stocks,Hoe Leong^,H20,-281
stocks,Hong Fok,H30,-282
stocks,Hong Lai Huat,CTO,-283
stocks,Hong Leong Asia,H22,-284
stocks,Hong Leong Fin,S41,-285
stocks,HongkongLand USD,H78,-286
stocks,Hor Kew^,BBP,-287
stocks,Hosen,5EV,-288
stocks,Hotel Grand,H18,-289
stocks,Hotel Royal,H12,-290
stocks,Hotung Inv,BLS,-291
businesstrusts,HPH Trust SGD,P7VU,-292
businesstrusts,HPH Trust USD,NS8U,-293
stocks,HPL,H15,-294
stocks,HRnetGroup,CHZ,-295
stocks,Hu An Cable^,KI3,-296
stocks,HuanHsin^,H16,-297
stocks,Huationg Global,41B,-298
stocks,Hwa Hong,H19,-299
stocks,Hyflux,600,-300
stocks,Hyphens Pharma,1J5,-301
stocks,ICP Ltd,5I4,-302
stocks,IEV,5TN,-303
stocks,IFAST,AIY,-304
stocks,IFS Capital,I49,-305
stocks,IHH,Q0F,-306
stocks,Imperium Crown,5HT,-307
stocks,Inch Kenneth,I4R,-308
stocks,Incredible,RDR,-309
stocks,Indofood Agri,5JS,-310
stocks,Informatics^,BOU,-311
stocks,InnoPac^,I26,-312
stocks,InnoTek,M14,-313
stocks,Interra Resource^,5GI,-314
stocks,Intl Cement^,KUO,-315
stocks,Intraco,I06,-316
stocks,IP Softcom,571,-317
stocks,IPC Corp,AZA,-318
stocks,IPS Securex,42N,-319
reits,IREIT Global,UD1U,-320
etfs,IS ASIA BND S$D,QL2,-321
etfs,IS ASIA BND US$,N6M,-322
etfs,IS ASIA HYG S$D,QL3,-323
etfs,IS ASIA HYG US$,O9P,-324
etfs,IS MS INDIA S$D,QK9,-325
etfs,IS MS INDIA US$,I98,-326
stocks,ISDN,I07,-327
stocks,ISEC,40T,-328
stocks,Isetan,I15,-329
stocks,ISOTeam,5WF,-330
stocks,IX Biopharma,42C,-331
stocks,Jackspeed^,J17,-332
stocks,Jadason^,J03,-333
stocks,Japan Foods,5OI,-334
stocks,Japfa,UD2,-335
stocks,Jardine C&C,C07,-336
stocks,Jason Marine,5PF,-337
stocks,Jasper Inv^,FQ7,-338
stocks,Jawala,1J7,-339
stocks,JB Foods,BEW,-340
stocks,JCG Investment,VFP,-341
stocks,JEP,1J4,-342
stocks,JES Intl,EG0,-343
stocks,Jiutian Chemical,C8R,-344
stocks,JMH USD,J36,-345
stocks,Joyas Intl,E9L,-346
stocks,JSH USD,J37,-347
stocks,Jubilee,NHD,-348
stocks,Jumbo,42R,-349
stocks,Karin Tech,K29,-350
stocks,Katrina,1A0,-351
stocks,Kencana Agri^,BNE,-352
stocks,Keong Hong,5TT,-353
businesstrusts,Kep Infra Tr,A7RU,-354
reits,KepPacOakReitUSD,CMOU,-355
stocks,Keppel Corp,BN4,-356
reits,Keppel DC Reit,AJBU,-357
reits,Keppel Reit,K71U,-358
stocks,Khong Guan,K03,-359
stocks,KimHeng Offshore,5G2,-360
stocks,Kimly,1D0,-361
stocks,King Wan,554,-362
stocks,KingsmenCreative,5MZ,-363
stocks,Kitchen Culture,5TI,-364
stocks,KLW,504,-365
stocks,Koda,BJZ,-366
stocks,Koh Bros,K75,-367
stocks,Koh Eco,5HV,-368
stocks,Koon,5DL,-369
stocks,KOP,5I1,-370
stocks,Kori,5VC,-371
stocks,Koufu,VL6,-372
stocks,Koyo Intl,5OC,-373
stocks,KrisEnergy,SK3,-374
stocks,KS Energy^,578,-375
stocks,KSH,ER0,-376
stocks,KTL Global^,EB7,-377
stocks,KTMG,XCF,-378
stocks,Lafe^,AYB,-379
stocks,Lasseters Intl,5EL,-380
stocks,LCT,BJL,-381
stocks,Leader Env^,LS9,-382
reits,Lendlease Reit,JYEU,-383
stocks,Ley Choon,Q0X,-384
stocks,LHN,41O,-385
stocks,LHT,BEI,-386
stocks,Lian Beng,L03,-387
stocks,Libra,5TR,-388
stocks,LifeBrandz,1D3,-389
stocks,Linc Energy,BRE,-390
stocks,Lion Asiapac,BAZ,-391
etfs,LION-PHILLIP S-REIT,CLR,-392
stocks,LionGold,A78,-393
reits,Lippo Malls Tr,D5IU,-394
stocks,Lonza,O6Z,-395
stocks,Lorenzo Intl^,5IE,-396
stocks,Low Keng Huat,F1E,-397
stocks,Lum Chang,L19,-398
stocks,Lung Kee Bermuda,L09,-399
stocks,Luxking,BKK,-400
stocks,Luzhou Bio-Chem^,L46,-401
stocks,LY Corp,1H8,-402
etfs,Lyxor Asia US$,P60,-403
etfs,Lyxor ChinaH US$,P58,-404
etfs,Lyxor EM Mkt US$,H1N,-405
etfs,Lyxor MSIndia US$,G1N,-406
stocks,M Development^,N14,-407
stocks,Magnus Energy,41S,-408
stocks,Man Oriental USD,M04,-409
stocks,Manhattan Res^,L02,-410
reits,ManulifeReit USD,BTOU,-411
reits,Mapletree Com Tr,N2IU,-412
reits,Mapletree Ind Tr,ME8U,-413
reits,Mapletree Log Tr,M44U,-414
reits,Mapletree NAC Tr,RW0U,-415
stocks,MarcoPolo Marine,5LY,-416
stocks,Maruwa Yen1k,M12,-417
stocks,Mary Chia,5OX,-418
stocks,Matex Intl,M15,-419
stocks,Maxi-Cash Fin,5UF,-420
stocks,MDR,A27,-421
stocks,Medinex,OTX,-422
stocks,Medtecs Intl,546,-423
stocks,MegaChem,5DS,-424
stocks,MeGroup,SJY,-425
stocks,Memiontec,SYM,-426
stocks,Memories,1H4,-427
stocks,Memstar Tech,5MS,-428
stocks,Mencast^,5NF,-429
stocks,Mercurius,5RF,-430
stocks,Mermaid Maritime,DU4,-431
stocks,Metal Component,5DX,-432
stocks,Metech Intl,V3M,-433
stocks,Metro,M01,-434
stocks,Mewah Intl,MV4,-435
stocks,MFG Integration,M11,-436
stocks,Micro-Mechanics,5DD,-437
stocks,Midas,5EN,-438
stocks,MindChamps,CNE,-439
stocks,Mirach Energy^,AWO,-440
stocks,Miyoshi,M03,-441
stocks,MM2 Asia,1B0,-442
stocks,MMP Resources^,F3V,-443
stocks,MoneyMax Fin,5WJ,-444
stocks,Moya Asia,5WE,-445
stocks,MS Hldgs,40U,-446
stocks,MSC,NPW,-447
stocks,MSM Intl,5QR,-448
stocks,MTQ,M05,-449
stocks,Multi-Chem,AWZ,-450
stocks,Mun Siong Engg^,MF6,-451
stocks,Murata Yen1k,PJX,-452
stocks,MYP,F86,-453
stocks,Nam Cheong,N4E,-454
stocks,Nam Lee Metal,G0I,-455
stocks,Natural Cool,5IF,-456
stocks,NauticAWT,42D,-457
stocks,Neo,5UJ,-458
stocks,NeraTel,N01,-459
stocks,Net Pacific Fin,5QY,-460
businesstrusts,NetLink NBN Tr,CJLU,-461
stocks,New Silkroutes,BMT,-462
stocks,New Toyo,N08,-463
stocks,New Wave,5FX,-464
stocks,NGSC^,B07,-465
stocks,Nico Steel^,5GF,-466
etfs,Nikko AM STI ETF,G3B,-467
etfs,NikkoAM SGD IGBond ETF,MBH,-468
etfs,NikkoAM-STC Asia REIT,CFA,-469
etfs,NikkoAM-STC A_REIT US$,COI,-470
stocks,Nippecraft,N32,-471
stocks,No Signboard,1G6,-472
stocks,Noble,CGP,-473
stocks,Noel Gifts Intl,543,-474
stocks,Nomura Yen1k,N33,-475
stocks,Nordic,MR7,-476
stocks,NSL,N02,-477
stocks,Ntegrator Intl,5HC,-478
stocks,NutryFarm^,AZT,-479
stocks,OCBC Bank,O39,-480
stocks,Ocean Sky Intl,1B6,-481
stocks,Oceanus^,579,-482
stocks,OEL,584,-483
stocks,OKH Global^,S3N,-484
stocks,OKP,5CF,-485
stocks,Olam Intl,O32,-486
stocks,Old Chang Kee,5ML,-487
stocks,Olive Tree,1H2,-488
stocks,OneApex,5SY,-489
etfs,ONESTOXXASEAN US$,CFN,-490
stocks,Ossia Intl^,O08,-491
stocks,OUE,LJ3,-492
reits,OUE Com Reit,TS0U,-493
stocks,OUE Lippo HC,5WA,-494
stocks,Ouhua Energy^,AJ2,-495
stocks,Overseas Edu,RQ1,-496
stocks,Oxley,5UX,-497
stocks,P5 Capital,5AI,-498
stocks,Pacific Andes,P11,-499
stocks,Pacific Century,P15,-500
stocks,Pacific Radiance,T8V,-501
stocks,Pacific Star Dev,1C5,-502
stocks,Pan Asian,5EW,-503
stocks,Pan Hong,P36,-504
stocks,Pan Ocean,AZY,-505
stocks,PanUnited,P52,-506
stocks,Parkson Retail^,O9E,-507
reits,ParkwayLife Reit,C2PU,-508
stocks,Pavillon^,596,-509
stocks,PEC,IX2,-510
stocks,Penguin Intl,BTM,-511
stocks,Perennial Hldgs,40S,-512
stocks,Pharmesis Intl,BFK,-513
etfs,PHIL AP DIV REIT S$D,BYJ,-514
etfs,PHIL AP DIV REIT US$,BYI,-515
etfs,PHIL SING INC,OVQ,-516
stocks,Pine Cap,ADJ,-517
stocks,Plastoform^,AYD,-518
stocks,Plato Capital,5PI,-519
stocks,PNE Industries,BDA,-520
stocks,Polaris,5BI,-521
stocks,Pollux Prop,5AE,-522
stocks,Powermatic Data,BCY,-523
reits,Prime US ReitUSD,OXMU,-524
etfs,PRINCIPAL ASEAN40 S$D,QS0,-525
etfs,PRINCIPAL ASEAN40 US$,M62,-526
etfs,PRINCIPAL S&P AP DIV S$D,QR9,-527
etfs,PRINCIPAL S&P AP DIV US$,P5P,-528
stocks,Procurri,BVQ,-529
stocks,Progen,583,-530
stocks,PropNex,OYY,-531
stocks,Prudential USD,K6S,-532
stocks,PSL^,BLL,-533
stocks,Q&M Dental,QC7,-534
stocks,QAF,Q01,-535
stocks,Qian Hu^,BCV,-536
stocks,QT Vascular,5I0,-537
stocks,Raffles Edu,NR7,-538
stocks,Raffles Infrastructure^,LUY,-539
stocks,Raffles Medical,BSL,-540
stocks,RE&S Hldg,1G1,-541
stocks,Reclaims Global,NEX,-542
stocks,Reenova Investment^,5EC,-543
stocks,Regal Intl^,UV1,-544
stocks,Renaissance United^,I11,-545
stocks,Resources Gbl,QSD,-546
stocks,Resources Prima,5MM,-547
stocks,Revez,RCU,-548
stocks,Rex Intl,5WH,-549
stocks,RH PetroGas,T13,-550
businesstrusts,RHT HealthTrust,RF1U,-551
reits,RHT HealthTrust,RF1U,-552
stocks,Rich Capital,5G4,-553
stocks,Riverstone,AP4,-554
stocks,Roxy-Pacific,E8Z,-555
stocks,Ryobi Kiso,BDN,-556
reits,Sabana Reit,M1GU,-557
stocks,Sakae^,5DO,-558
stocks,Samko Timber,E6R,-559
stocks,SamuderaShipping,S56,-560
stocks,Samurai,1C3,-561
stocks,Sanli Env,1.00E+03,-562
stocks,Santak,580,-563
stocks,Sapphire,BRD,-564
stocks,Sarine Tech,U77,-565
reits,Sasseur Reit,CRPU,-566
stocks,SATS,S58,-567
stocks,SBI Offshore,5PL,-568
stocks,SBS Transit,S61,-569
stocks,Second Chance,528,-570
stocks,Secura,43B,-571
stocks,Sembcorp Ind,U96,-572
stocks,Sembcorp Marine,S51,-573
stocks,Sen Yue,5BS,-574
stocks,Serial System,S69,-575
stocks,Seroja Inv^,IW5,-576
stocks,Serrano,40R,-577
stocks,SEVAK,BAI,-578
stocks,SGX,S68,-579
stocks,Shanghai Turbo,AWM,-580
stocks,Shangri-La HKD,S07,-581
stocks,Sheng Siong,OV8,-582
stocks,Shinvest,BJW,-583
stocks,Shopper360,1F0,-584
stocks,SHS,566,-585
stocks,SIA,C6L,-586
stocks,SIA Engineering,S59,-587
stocks,SIIC Environment,BHK,-588
stocks,Silkroad Nickel,STP,-589
stocks,Silverlake Axis,5CP,-590
stocks,Sim Leisure,URR,-591
stocks,Sin Ghee Huat,B7K,-592
stocks,Sin Heng Mach,BKA,-593
stocks,Sinarmas Land,A26,-594
stocks,Sincap,5UN,-595
stocks,Sing Inv & Fin,S35,-596
stocks,Singapore O&G,1D8,-597
stocks,Singapore-eDev,40V,-598
stocks,SingaporeKitchen,5WG,-599
stocks,SingHaiyi,5H0,-600
stocks,SingHoldings,5IC,-601
stocks,SingMedical,5OT,-602
stocks,SingMyanmar^,Y45,-603
stocks,SingPost,S08,-604
stocks,SingReinsurance,S49,-605
stocks,SingShipping,S19,-606
stocks,Singtel,Z74,-607
stocks,Singtel 10,Z77,-608
stocks,Sinjia Land,5HH,-609
stocks,Sino Grandness,T4B,-610
stocks,SinoCloud,5EK,-611
stocks,Sinopipe,X06,-612
stocks,Sinostar Pec,C9Q,-613
stocks,Sitra,5LE,-614
stocks,SK Jewellery,42G,-615
stocks,SLB Dev,1J0,-616
stocks,Soilbuild Const,S7P,-617
reits,SoilbuildBizReit,SV3U,-618
stocks,Soon Lian,5MD,-619
stocks,Soup Restaurant,5KI,-620
stocks,Southern Pkg,BQP,-621
stocks,SP Corp,AWE,-622
stocks,Spackman,40E,-623
etfs,SPDR DJIA US$,D07,-624
etfs,SPDR S&P500 US$,S27,-625
stocks,SPH,T39,-626
reits,SPHREIT,SK6U,-627
stocks,Spindex Ind,564,-628
stocks,Spura Finance,S23,-629
stocks,Sri Trang Agro,NC2,-630
stocks,ST Engineering,S63,-631
stocks,ST Group Food,DRX,-632
stocks,Stamford Land,H07,-633
stocks,Stamford Tyres,S29,-634
stocks,Starburst,40D,-635
reits,StarhillGbl Reit,P40U,-636
stocks,StarHub,CC3,-637
stocks,Starland,5UA,-638
etfs,STI ETF,ES3,-639
stocks,Straco,S85,-640
stocks,Straits Trading,S20,-641
stocks,StratechGroup^,BRR,-642
stocks,SunMoonFood^,AAJ,-643
stocks,Sunningdale Tech,BHQ,-644
stocks,Sunpower,5GD,-645
stocks,Sunright,S71,-646
stocks,Sunrise Shares,581,-647
stocks,Suntar Eco-City^,BKZ,-648
reits,Suntec Reit,T82U,-649
stocks,SunVic Chemical^,A7S,-650
stocks,SUTL Enterprise,BHU,-651
stocks,Swee Hong^,QF6,-652
stocks,Swiber,BGK,-653
stocks,Swing Media Tech,BEV,-654
stocks,Swissco Hldg,ADP,-655
stocks,Synagie,V2Y,-656
stocks,Sysma,5UO,-657
stocks,TA,PA3,-658
stocks,Tai Sin Electric,500,-659
stocks,TalkMed,5G3,-660
stocks,Tat Seng Pkg,T12,-661
stocks,TCIL HK$,T15,-662
stocks,Tech Oil & Gas,5CQ,-663
stocks,Teckwah,561,-664
stocks,TEE Intl,M1Z,-665
stocks,TEE Land,S9B,-666
stocks,Teho Intl,5OQ,-667
stocks,TeleChoice Intl,T41,-668
stocks,ThaiBev,Y92,-669
stocks,Thakral,AWI,-670
stocks,The Place Hldg,E27,-671
stocks,TheHourGlass,AGS,-672
stocks,Thomson Medical,A50,-673
stocks,Tianjin ZX USD,T14,-674
stocks,TIH,T55,-675
stocks,Tiong Seng,BFI,-676
stocks,Tiong Woon,BQM,-677
stocks,TLV,42L,-678
stocks,Top Global,BHO,-679
stocks,Top Glove,BVA,-680
stocks,Tosei,S2D,-681
stocks,Transcorp,T19,-682
stocks,Transit Concrete^,570,-683
stocks,Travelite^,BCZ,-684
stocks,Trek 2000 Intl^,5AB,-685
stocks,Trendlines,42T,-686
stocks,TrickleStar,CYW,-687
stocks,Tritech,5G9,-688
stocks,Triyards,RC5,-689
stocks,TSH,KUH,-690
stocks,TT Intl,T09,-691
stocks,TTJ,K1Q,-692
stocks,Tuan Sing,T24,-693
stocks,Tung Lok Rest,540,-694
stocks,Tye Soon^,BFU,-695
etfs,UETF SSE50China,JK8,-696
stocks,UG Healthcare,41A,-697
stocks,UIC,U06,-698
stocks,UMS,558,-699
stocks,Uni-Asia Grp,CHJ,-700
stocks,Union Gas,1F2,-701
stocks,Union Steel,BLA,-702
stocks,United Food^,AZR,-703
stocks,United Global,43P,-704
stocks,Universal Res,BGO,-705
stocks,UnUsUaL,1D1,-706
stocks,UOA,EH5,-707
stocks,UOB,U11,-708
stocks,UOB Kay Hian,U10,-709
stocks,UOI,U13,-710
stocks,UOL,U14,-711
stocks,UOL  A,MKO,-712
stocks,USP Group^,BRS,-713
stocks,Vallianz,WPC,-714
stocks,ValueMax,T6I,-715
stocks,Valuetronics,BN2,-716
stocks,Venture,V03,-717
stocks,Versalink,40N,-718
stocks,Vibrant Group,BIP,-719
stocks,VibroPower^,BJD,-720
stocks,VICOM,V01,-721
stocks,Vicplas Intl,569,-722
stocks,Viking Offshore,557,-723
stocks,Vividthree,OMK,-724
stocks,Wee Hur,E3B,-725
stocks,Willas-Array,BDR,-726
stocks,Wilmar Intl,F34,-727
stocks,Wilton Resources,5F7,-728
stocks,Winas,5CN,-729
stocks,Wing Tai,W05,-730
stocks,Wong Fong Ind,1A1,-731
stocks,World Class Gbl,1.00E+06,-732
stocks,World Precision,B49,-733
stocks,XMH^,BQF,-734
etfs,XT ASX200 US$,LF1,-735
etfs,XT China50 US$,HD8,-736
etfs,XT CSI300 US$,KT4,-737
etfs,XT E50 US$,IH0,-738
etfs,XT MS SING US$,O9A,-739
etfs,XT MSAsExJp US$,IH1,-740
etfs,XT MSBANGL US$,O9C,-741
etfs,XT MSBrazil US$,J0O,-742
etfs,XT MSCHINA S$,TID,-743
etfs,XT MSCHINA US$,LG9,-744
etfs,XT MSEurope US$,IH3,-745
etfs,XT MSINDIA US$,LG8,-746
etfs,XT MSINDO US$,KJ7,-747
etfs,XT MSJAP US$,LF2,-748
etfs,XT MSKorea US$,IH2,-749
etfs,XT MSMSIA US$,LG6,-750
etfs,XT MSPacXJp US$,J0Q,-751
etfs,XT MSPAKIS US$,O9D,-752
etfs,XT MSPHILS US$,N2E,-753
etfs,XT MSRussia US$,J0R,-754
etfs,XT MSTaiwan US$,HD7,-755
etfs,XT MSTHAI US$,LG7,-756
etfs,XT MSUSA US$,KF8,-757
etfs,XT MSWorld US$,J0P,-758
etfs,XT Nifty US$,HE0,-759
etfs,XT S&P500 US$,K6K,-760
etfs,XT SingGovBond SG$,KV4,-761
etfs,XT STGLDv US$,KT3,-762
etfs,XT Vietnam US$,HD9,-763
stocks,Y Ventures,1F1,-764
stocks,Yamada Green Res,BJV,-765
stocks,Yanlord Land,Z25,-766
stocks,Yeo Hiap Seng,Y03,-767
stocks,YHI Intl,BPF,-768
stocks,Yinda Infocomm,42F,-769
stocks,Ying Li Intl,5DM,-770
stocks,Yoma Strategic,Z59,-771
stocks,Yongmao,BKX,-772
stocks,Yongnam,AXB,-773
stocks,Yorkshine^,MR8,-774
stocks,Yunnan Energy,T43,-775
stocks,YuuZoo Networks,AFC,-776
stocks,YZJ Shipbldg CNY,SO7,-777
stocks,YZJ Shipbldg SGD,BS6,-778
stocks,Zheneng Jinjiang,BWM,-779
stocks,Zhongmin Baihui,5SR,-780
stocks,Zhongxin Fruit,5EG,-781
stocks,ZICO Hldgs,40W,-782
